ean,image_1,image_2,image_3,image_4,image_5,image_6,image_7,image_8,image_9,image_10
5060881924173,,,https://cdn.bazarchic.com/i/tmp/14182070.jpg,,,,,,,
7061289374292,,https://cdn.bazarchic.com/i/tmp/14171306.jpg,,,,,,,,
7061285519796,,https://cdn.bazarchic.com/i/tmp/12124250.jpg,https://cdn.bazarchic.com/i/tmp/12124253.jpg,https://cdn.bazarchic.com/i/tmp/12124256.jpg,https://cdn.bazarchic.com/i/tmp/12124259.jpg,,,,,
7061284968243,,https://cdn.bazarchic.com/i/tmp/12124262.jpg,https://cdn.bazarchic.com/i/tmp/12124265.jpg,,,,,,,
5060881926276,,https://cdn.bazarchic.com/i/tmp/14171339.jpg,,,,,,,,
5060881928034,,https://cdn.bazarchic.com/i/tmp/15993143.jpg,,,,,,,,
5060881928270,,https://cdn.bazarchic.com/i/tmp/15993338.jpg,https://cdn.bazarchic.com/i/tmp/15993341.jpg,,,,,,,
5060881928294,,https://cdn.bazarchic.com/i/tmp/15993344.jpg,https://cdn.bazarchic.com/i/tmp/15993347.jpg,https://cdn.bazarchic.com/i/tmp/15993350.jpg,,,,,,
5061006592246,https://cdn.bazarchic.com/i/tmp/17720609.jpg,,,,,,,,,
5061006598835,,https://cdn.bazarchic.com/i/tmp/19118008.jpg,https://cdn.bazarchic.com/i/tmp/19118014.jpg,https://cdn.bazarchic.com/i/tmp/19118017.jpg,https://cdn.bazarchic.com/i/tmp/19118002.jpg,https://cdn.bazarchic.com/i/tmp/19118005.jpg,https://cdn.bazarchic.com/i/tmp/19118011.jpg,,,
5061083811346,,https://cdn.bazarchic.com/i/tmp/19118023.jpg,https://cdn.bazarchic.com/i/tmp/19118029.jpg,https://cdn.bazarchic.com/i/tmp/19118032.jpg,https://cdn.bazarchic.com/i/tmp/19118035.jpg,https://cdn.bazarchic.com/i/tmp/19118020.jpg,https://cdn.bazarchic.com/i/tmp/19118026.jpg,,,
5061006598897,,https://cdn.bazarchic.com/i/tmp/19118053.jpg,https://cdn.bazarchic.com/i/tmp/19118047.jpg,https://cdn.bazarchic.com/i/tmp/19118056.jpg,https://cdn.bazarchic.com/i/tmp/19118041.jpg,https://cdn.bazarchic.com/i/tmp/19118044.jpg,https://cdn.bazarchic.com/i/tmp/19118050.jpg,,,
5061083811353,https://cdn.bazarchic.com/i/tmp/19118059.jpg,,,,,,,,,
5061006598828,,https://cdn.bazarchic.com/i/tmp/19118071.jpg,https://cdn.bazarchic.com/i/tmp/19118077.jpg,https://cdn.bazarchic.com/i/tmp/19118074.jpg,https://cdn.bazarchic.com/i/tmp/19118065.jpg,https://cdn.bazarchic.com/i/tmp/19118068.jpg,,,,
5061083811452,https://cdn.bazarchic.com/i/tmp/19118080.jpg,,,,,,,,,
5061083811322,,https://cdn.bazarchic.com/i/tmp/19118092.jpg,https://cdn.bazarchic.com/i/tmp/19118086.jpg,https://cdn.bazarchic.com/i/tmp/19118083.jpg,https://cdn.bazarchic.com/i/tmp/19118089.jpg,,,,,
5061006592567,https://cdn.bazarchic.com/i/tmp/18172171.jpg,,,,,,,,,
5061006592581,https://cdn.bazarchic.com/i/tmp/18172177.jpg,,,,,,,,,
5061006593427,https://cdn.bazarchic.com/i/tmp/19283506.jpg,https://cdn.bazarchic.com/i/tmp/19283509.jpg,,,,,,,,
5061006594769,https://cdn.bazarchic.com/i/tmp/18948394.jpg,,,,,,,,,
5061006594806,https://cdn.bazarchic.com/i/tmp/18948397.jpg,,,,,,,,,
5061006594981,https://cdn.bazarchic.com/i/tmp/18948403.jpg,,,,,,,,,
5061006599641,https://cdn.bazarchic.com/i/tmp/19118095.jpg,,,,,,,,,
5061083810998,https://cdn.bazarchic.com/i/tmp/19118098.jpg,,,,,,,,,
5061083811018,https://cdn.bazarchic.com/i/tmp/19118101.jpg,,,,,,,,,
5061083811025,https://cdn.bazarchic.com/i/tmp/19118104.jpg,,,,,,,,,
5061083811032,https://cdn.bazarchic.com/i/tmp/19118107.jpg,,,,,,,,,
5061083811056,https://cdn.bazarchic.com/i/tmp/19118110.jpg,,,,,,,,,
5061083811070,https://cdn.bazarchic.com/i/tmp/19118113.jpg,,,,,,,,,
5061083811087,https://cdn.bazarchic.com/i/tmp/19253107.jpg,,,,,,,,,
5061083811094,https://cdn.bazarchic.com/i/tmp/19118116.jpg,,,,,,,,,
5061083811131,https://cdn.bazarchic.com/i/tmp/19264129.jpg,,,,,,,,,
5061083811148,https://cdn.bazarchic.com/i/tmp/19118119.jpg,,,,,,,,,
5061083811155,https://cdn.bazarchic.com/i/tmp/19118122.jpg,,,,,,,,,
5061083811186,https://cdn.bazarchic.com/i/tmp/19264132.jpg,,,,,,,,,
5061083811209,,https://cdn.bazarchic.com/i/tmp/19118131.jpg,https://cdn.bazarchic.com/i/tmp/19118128.jpg,https://cdn.bazarchic.com/i/tmp/19118134.jpg,https://cdn.bazarchic.com/i/tmp/19118137.jpg,,,,,
5061083811223,https://cdn.bazarchic.com/i/tmp/19118140.jpg,,,,,,,,,
5061006593373,https://cdn.bazarchic.com/i/tmp/19283533.jpg,,,,,,,,,
5061006594905,https://cdn.bazarchic.com/i/tmp/19283536.jpg,,,,,,,,,
5302678858811,,https://cdn.bazarchic.com/i/tmp/5301284.jpg,,,,,,,,
5061006590358,https://cdn.bazarchic.com/i/tmp/19199758.jpg,,,,,,,,,
5061006590372,https://cdn.bazarchic.com/i/tmp/19199761.jpg,,,,,,,,,
5061006593533,https://cdn.bazarchic.com/i/tmp/18284959.jpg,,,,,,,,,
5061083810073,https://cdn.bazarchic.com/i/tmp/19118173.jpg,,,,,,,,,
5061083810103,https://cdn.bazarchic.com/i/tmp/19199764.jpg,,,,,,,,,
5061083810134,https://cdn.bazarchic.com/i/tmp/19199959.jpg,,,,,,,,,
5061083810172,https://cdn.bazarchic.com/i/tmp/19199773.jpg,,,,,,,,,
5061083810196,https://cdn.bazarchic.com/i/tmp/19199962.jpg,,,,,,,,,
5061083810233,https://cdn.bazarchic.com/i/tmp/19199968.jpg,,,,,,,,,
5061083810240,https://cdn.bazarchic.com/i/tmp/19199776.jpg,,,,,,,,,
5061083810257,https://cdn.bazarchic.com/i/tmp/19199779.jpg,,,,,,,,,
5061083810288,https://cdn.bazarchic.com/i/tmp/19199794.jpg,,,,,,,,,
5061083810325,https://cdn.bazarchic.com/i/tmp/19199971.jpg,,,,,,,,,
5061083810349,https://cdn.bazarchic.com/i/tmp/19199806.jpg,,,,,,,,,
5061083810387,https://cdn.bazarchic.com/i/tmp/19199974.jpg,,,,,,,,,
5061083810400,,https://cdn.bazarchic.com/i/tmp/19201171.jpg,https://cdn.bazarchic.com/i/tmp/19199977.jpg,https://cdn.bazarchic.com/i/tmp/19199980.jpg,https://cdn.bazarchic.com/i/tmp/19199983.jpg,,,,,
5061083810448,https://cdn.bazarchic.com/i/tmp/19199830.jpg,,,,,,,,,
5061083810462,https://cdn.bazarchic.com/i/tmp/19199986.jpg,,,,,,,,,
7061287286498,,https://cdn.bazarchic.com/i/tmp/13850366.jpg,https://cdn.bazarchic.com/i/tmp/13850369.jpg,,,,,,,
7061284021665,https://cdn.bazarchic.com/i/tmp/19118179.jpg,,,,,,,,,
5060881929543,,https://cdn.bazarchic.com/i/tmp/15413111.jpg,,,,,,,,
5061006591362,https://cdn.bazarchic.com/i/tmp/18331372.jpg,,,,,,,,,
5061006591409,https://cdn.bazarchic.com/i/tmp/18331384.jpg,,,,,,,,,
5061006595735,https://cdn.bazarchic.com/i/tmp/19118182.jpg,,,,,,,,,
5061006595773,https://cdn.bazarchic.com/i/tmp/19118185.jpg,,,,,,,,,
5060881926108,,https://cdn.bazarchic.com/i/tmp/15413129.jpg,https://cdn.bazarchic.com/i/tmp/15413123.jpg,https://cdn.bazarchic.com/i/tmp/15413126.jpg,,,,,,
5060881926115,,https://cdn.bazarchic.com/i/tmp/14367053.jpg,https://cdn.bazarchic.com/i/tmp/14367056.jpg,https://cdn.bazarchic.com/i/tmp/14367059.jpg,,,,,,
5060881926122,,https://cdn.bazarchic.com/i/tmp/14367044.jpg,https://cdn.bazarchic.com/i/tmp/14367047.jpg,https://cdn.bazarchic.com/i/tmp/14367050.jpg,,,,,,
5060881929215,https://cdn.bazarchic.com/i/tmp/18284983.jpg,,,,,,,,,
5060881929239,https://cdn.bazarchic.com/i/tmp/18284989.jpg,,,,,,,,,
5060881929246,https://cdn.bazarchic.com/i/tmp/18284992.jpg,,,,,,,,,
5060881929031,,https://cdn.bazarchic.com/i/tmp/19119244.jpg,https://cdn.bazarchic.com/i/tmp/19119238.jpg,https://cdn.bazarchic.com/i/tmp/19118383.jpg,https://cdn.bazarchic.com/i/tmp/19119241.jpg,https://cdn.bazarchic.com/i/tmp/19119250.jpg,,,,
5060881929048,,https://cdn.bazarchic.com/i/tmp/19119304.jpg,https://cdn.bazarchic.com/i/tmp/19118404.jpg,https://cdn.bazarchic.com/i/tmp/19118401.jpg,https://cdn.bazarchic.com/i/tmp/19119298.jpg,https://cdn.bazarchic.com/i/tmp/19119301.jpg,https://cdn.bazarchic.com/i/tmp/19119307.jpg,,,
5060881929055,,https://cdn.bazarchic.com/i/tmp/19119352.jpg,https://cdn.bazarchic.com/i/tmp/19119346.jpg,https://cdn.bazarchic.com/i/tmp/19118413.jpg,https://cdn.bazarchic.com/i/tmp/19118416.jpg,https://cdn.bazarchic.com/i/tmp/19119349.jpg,https://cdn.bazarchic.com/i/tmp/19119355.jpg,,,
5060881929093,,https://cdn.bazarchic.com/i/tmp/19118428.jpg,https://cdn.bazarchic.com/i/tmp/19119385.jpg,https://cdn.bazarchic.com/i/tmp/19118431.jpg,https://cdn.bazarchic.com/i/tmp/19119400.jpg,https://cdn.bazarchic.com/i/tmp/19119391.jpg,https://cdn.bazarchic.com/i/tmp/19119394.jpg,,,
5060881929109,,https://cdn.bazarchic.com/i/tmp/19118470.jpg,https://cdn.bazarchic.com/i/tmp/19118455.jpg,https://cdn.bazarchic.com/i/tmp/19118452.jpg,https://cdn.bazarchic.com/i/tmp/19119451.jpg,https://cdn.bazarchic.com/i/tmp/19118458.jpg,https://cdn.bazarchic.com/i/tmp/19118461.jpg,https://cdn.bazarchic.com/i/tmp/19119442.jpg,https://cdn.bazarchic.com/i/tmp/19119445.jpg,https://cdn.bazarchic.com/i/tmp/19119448.jpg
5061006594028,,https://cdn.bazarchic.com/i/tmp/19118482.jpg,https://cdn.bazarchic.com/i/tmp/19118476.jpg,https://cdn.bazarchic.com/i/tmp/19118473.jpg,https://cdn.bazarchic.com/i/tmp/19118479.jpg,,,,,
5061083811360,https://cdn.bazarchic.com/i/tmp/19118485.jpg,https://cdn.bazarchic.com/i/tmp/19118488.jpg,https://cdn.bazarchic.com/i/tmp/19118491.jpg,,,,,,,
7061281010228,,https://cdn.bazarchic.com/i/tmp/10716374.jpg,,,,,,,,
7061284194321,,https://cdn.bazarchic.com/i/tmp/10716377.jpg,,,,,,,,
7061284742928,,https://cdn.bazarchic.com/i/tmp/10716386.jpg,,,,,,,,
7061285777158,,https://cdn.bazarchic.com/i/tmp/10716389.jpg,,,,,,,,
7061281599518,,https://cdn.bazarchic.com/i/tmp/10716392.jpg,,,,,,,,
7061285260100,,https://cdn.bazarchic.com/i/tmp/12238247.jpg,https://cdn.bazarchic.com/i/tmp/12238250.jpg,,,,,,,
7061282826569,,https://cdn.bazarchic.com/i/tmp/12238241.jpg,https://cdn.bazarchic.com/i/tmp/12238244.jpg,,,,,,,
5060881926573,,https://cdn.bazarchic.com/i/tmp/15413156.jpg,https://cdn.bazarchic.com/i/tmp/15413159.jpg,https://cdn.bazarchic.com/i/tmp/15413162.jpg,https://cdn.bazarchic.com/i/tmp/15413165.jpg,,,,,
5060881926559,,https://cdn.bazarchic.com/i/tmp/15413174.jpg,https://cdn.bazarchic.com/i/tmp/15413171.jpg,https://cdn.bazarchic.com/i/tmp/15413177.jpg,https://cdn.bazarchic.com/i/tmp/15413168.jpg,,,,,
5061006593076,https://cdn.bazarchic.com/i/tmp/18331474.jpg,https://cdn.bazarchic.com/i/tmp/18331477.jpg,https://cdn.bazarchic.com/i/tmp/18331480.jpg,https://cdn.bazarchic.com/i/tmp/18331483.jpg,,,,,,
5061083811582,https://cdn.bazarchic.com/i/tmp/19199851.jpg,https://cdn.bazarchic.com/i/tmp/19199854.jpg,https://cdn.bazarchic.com/i/tmp/19199857.jpg,https://cdn.bazarchic.com/i/tmp/19199860.jpg,,,,,,
0637665739640,,https://cdn.bazarchic.com/i/tmp/11977277.jpg,,,,,,,,
0637665739664,,https://cdn.bazarchic.com/i/tmp/11977280.jpg,,,,,,,,
0637665739619,,https://cdn.bazarchic.com/i/tmp/19118356.jpg,https://cdn.bazarchic.com/i/tmp/19118344.jpg,https://cdn.bazarchic.com/i/tmp/19118350.jpg,https://cdn.bazarchic.com/i/tmp/19118347.jpg,https://cdn.bazarchic.com/i/tmp/19118359.jpg,https://cdn.bazarchic.com/i/tmp/19118353.jpg,,,
0637665736311,,https://cdn.bazarchic.com/i/tmp/18286615.jpg,https://cdn.bazarchic.com/i/tmp/18286612.jpg,https://cdn.bazarchic.com/i/tmp/18286624.jpg,https://cdn.bazarchic.com/i/tmp/18286609.jpg,https://cdn.bazarchic.com/i/tmp/18286621.jpg,https://cdn.bazarchic.com/i/tmp/18286618.jpg,,,
0637665739350,,https://cdn.bazarchic.com/i/tmp/13500341.jpg,,,,,,,,
0636040826531,,https://cdn.bazarchic.com/i/tmp/4324386.jpg,,,,,,,,
0637665739589,https://cdn.bazarchic.com/i/tmp/19118341.jpg,,,,,,,,,
0638827778033,,https://cdn.bazarchic.com/i/tmp/4324390.jpg,,,,,,,,
0627665736359,,https://cdn.bazarchic.com/i/tmp/5722199.jpg,,,,,,,,
0637665739602,,https://cdn.bazarchic.com/i/tmp/11977295.jpg,,,,,,,,
6418719695240,,https://cdn.bazarchic.com/i/tmp/7319084.jpg,,,,,,,,
0637665736915,,https://cdn.bazarchic.com/i/tmp/5301306.jpg,,,,,,,,
0637665739596,,https://cdn.bazarchic.com/i/tmp/11977283.jpg,,,,,,,,
5061006598996,https://cdn.bazarchic.com/i/tmp/19374826.jpg,,,,,,,,,
0637665740479,,https://cdn.bazarchic.com/i/tmp/9956180.jpg,https://cdn.bazarchic.com/i/tmp/9956183.jpg,,,,,,,
0637665740486,,https://cdn.bazarchic.com/i/tmp/9956186.jpg,https://cdn.bazarchic.com/i/tmp/9956189.jpg,,,,,,,
5061083811704,https://cdn.bazarchic.com/i/tmp/19374835.jpg,https://cdn.bazarchic.com/i/tmp/19374838.jpg,,,,,,,,
5061083811698,https://cdn.bazarchic.com/i/tmp/19374823.jpg,,,,,,,,,
5061083811681,https://cdn.bazarchic.com/i/tmp/19374832.jpg,,,,,,,,,
5061083810950,https://cdn.bazarchic.com/i/tmp/19374928.jpg,https://cdn.bazarchic.com/i/tmp/19374931.jpg,,,,,,,,
5061083810967,https://cdn.bazarchic.com/i/tmp/19374934.jpg,,,,,,,,,
5061083810974,https://cdn.bazarchic.com/i/tmp/19374805.jpg,https://cdn.bazarchic.com/i/tmp/19374808.jpg,,,,,,,,
5061083811001,https://cdn.bazarchic.com/i/tmp/19374841.jpg,,,,,,,,,
5061083811049,https://cdn.bazarchic.com/i/tmp/19374916.jpg,,,,,,,,,
5061083811063,https://cdn.bazarchic.com/i/tmp/19374925.jpg,,,,,,,,,
5061083811100,https://cdn.bazarchic.com/i/tmp/19374937.jpg,,,,,,,,,
5061083811117,https://cdn.bazarchic.com/i/tmp/19374919.jpg,https://cdn.bazarchic.com/i/tmp/19374922.jpg,,,,,,,,
5061083811124,https://cdn.bazarchic.com/i/tmp/19374904.jpg,https://cdn.bazarchic.com/i/tmp/19374907.jpg,https://cdn.bazarchic.com/i/tmp/19374910.jpg,https://cdn.bazarchic.com/i/tmp/19374913.jpg,,,,,,
5061083811162,https://cdn.bazarchic.com/i/tmp/19374901.jpg,,,,,,,,,
5061083811179,https://cdn.bazarchic.com/i/tmp/19374940.jpg,,,,,,,,,
5060881927235,https://cdn.bazarchic.com/i/tmp/19374829.jpg,,,,,,,,,
